订单号, 发送方, 用户ID, 聊愈师ID, 聊天时间, 类型, 聊天内容
1028769935218063791,1590679813878402,1616077963832275,1590679813878402,2024-01-11 18:01:14,免费消息,你好，我是你的聊愈师，如果你有想咨询的问题或者预约服务时间，都可以打字发送给我；也可以在下单后使用语音条与我沟通哦，非常希望可以在聊愈中帮助到你～
1028769935218063791,1616077963832275,1616077963832275,1590679813878402,2024-01-11 18:01:14,免费消息,我失业了，不知道怎么和家里人说，和男朋友说
1028769935218063791,1590679813878402,1616077963832275,1590679813878402,2024-01-11 18:01:56,免费消息,你好，是刚刚发生的事情吗？
1028769935218063791,1590679813878402,1616077963832275,1590679813878402,2024-01-11 18:01:58,免费消息,你还好吗
1028769935218063791,1616077963832275,1616077963832275,1590679813878402,2024-01-11 18:02:04,免费消息,昨天
1028769935218063791,1590679813878402,1616077963832275,1590679813878402,2024-01-11 18:02:40,免费消息,你现在感觉怎么样呀？
1028769935218063791,1616077963832275,1616077963832275,1590679813878402,2024-01-11 18:02:43,免费消息,其实我自己现在已经平复了，但是我不知道如何面对家里人和面对男朋友怕父母失望，怕男朋友觉得我不行
1028769935218063791,1590679813878402,1616077963832275,1590679813878402,2024-01-11 18:03:56,免费消息,嗯嗯，我理解
1028769935218063791,1590679813878402,1616077963832275,1590679813878402,2024-01-11 18:04:23,免费消息,那你和男友曾经讨论过类似的问题吗
1028769935218063791,1616077963832275,1616077963832275,1590679813878402,2024-01-11 18:05:24,免费消息,只说过我主动辞职他是支持我的，但是现在我是被裁两种是不一样的，而且我之前主动辞职就是为了来找他
1028769935218063791,1590679813878402,1616077963832275,1590679813878402,2024-01-11 18:06:12,免费消息,你为了他而换了工作和城市，是这样吗
1028769935218063791,1590679813878402,1616077963832275,1590679813878402,2024-01-11 18:06:18,免费消息,曾经
1028769935218063791,1616077963832275,1616077963832275,1590679813878402,2024-01-11 18:08:08,免费消息,是的，我因为他来到这个城市，但是来这里被裁了，但是我并不后悔，我只是不知道该如何和他说
1028769935218063791,1590679813878402,1616077963832275,1590679813878402,2024-01-11 18:09:02,免费消息,其实，你更担心因为被裁这件事影响他对你的看法，是吗
1028769935218063791,1616077963832275,1616077963832275,1590679813878402,2024-01-11 18:11:21,聊天消息,是的
1028769935218063791,1616077963832275,1616077963832275,1590679813878402,2024-01-11 18:11:30,聊天消息,我们要谈婚论嫁了
1028769935218063791,1616077963832275,1616077963832275,1590679813878402,2024-01-11 18:11:36,聊天消息,而且我也不知道怎么和我的家里人说
1028769935218063791,1616077963832275,1616077963832275,1590679813878402,2024-01-11 18:11:39,聊天消息,这让我很复杂
1028769935218063791,1616077963832275,1616077963832275,1590679813878402,2024-01-11 18:11:59,聊天消息,但其实我很累，我也不想一直这样瞒着我，想诚实的面对自己，但是又没办法没有做到完全不在意
1028769935218063791,1590679813878402,1616077963832275,1590679813878402,2024-01-11 18:12:16,聊天消息,嗯嗯，我理解你的感受
1028769935218063791,1616077963832275,1616077963832275,1590679813878402,2024-01-11 18:12:25,聊天消息,所以我在想怎么办？
1028769935218063791,1616077963832275,1616077963832275,1590679813878402,2024-01-11 18:12:31,聊天消息,我应该怎么做这件事情？
1028769935218063791,1590679813878402,1616077963832275,1590679813878402,2024-01-11 18:12:56,聊天消息,我们可以一起探索下如果把事实告诉他们，他们可能的反应会是什么？
1028769935218063791,1616077963832275,1616077963832275,1590679813878402,2024-01-11 18:13:01,聊天消息,其实我自己也想停下来了
1028769935218063791,1616077963832275,1616077963832275,1590679813878402,2024-01-11 18:13:08,聊天消息,我怎么说呢？怎么表达呢？
1028769935218063791,1590679813878402,1616077963832275,1590679813878402,2024-01-11 18:13:13,聊天消息,以及如果暂时不能接受这个结果，目前能做的有哪些？
1028769935218063791,1616077963832275,1616077963832275,1590679813878402,2024-01-11 18:13:23,聊天消息,如果是不好的反应呢
1028769935218063791,1616077963832275,1616077963832275,1590679813878402,2024-01-11 18:13:44,聊天消息,而且我在想我是先和我男朋友说，还是先和我的家里人说
1028769935218063791,1616077963832275,1616077963832275,1590679813878402,2024-01-11 18:13:50,聊天消息,我也怕和家里人说了，他们一直担心
1028769935218063791,1616077963832275,1616077963832275,1590679813878402,2024-01-11 18:13:55,聊天消息,但是感觉还是有必要说一下
1028769935218063791,1616077963832275,1616077963832275,1590679813878402,2024-01-11 18:14:25,聊天消息,因为我后面想呆在家里备考
1028769935218063791,1590679813878402,1616077963832275,1590679813878402,2024-01-11 18:14:35,聊天消息,他们担心也是正常的反应
1028769935218063791,1590679813878402,1616077963832275,1590679813878402,2024-01-11 18:14:50,聊天消息,我想你或许也可以给到他们一些安全感
1028769935218063791,1616077963832275,1616077963832275,1590679813878402,2024-01-11 18:14:50,聊天消息,他们肯定是觉得我做的不好，才会被裁掉
1028769935218063791,1590679813878402,1616077963832275,1590679813878402,2024-01-11 18:15:02,聊天消息,比如你对未来的安全和规划
1028769935218063791,1590679813878402,1616077963832275,1590679813878402,2024-01-11 18:15:19,聊天消息,嗯嗯，听起来会有一些责怪
1028769935218063791,1590679813878402,1616077963832275,1590679813878402,2024-01-11 18:15:38,聊天消息,这的确会令人感到有压力
1028769935218063791,1616077963832275,1616077963832275,1590679813878402,2024-01-11 18:15:50,聊天消息,我觉得我和我男朋友要谈婚论嫁了，但是他的工作地点经常变动，所以我在想这是不是也是一个契机，让我好好的去安心考试，然后考上体制内
1028769935218063791,1590679813878402,1616077963832275,1590679813878402,2024-01-11 18:16:35,聊天消息,听起来这样的选择也不错
1028769935218063791,1616077963832275,1616077963832275,1590679813878402,2024-01-11 18:16:49,聊天消息,而且我在想我是先和老爸老妈说，还是先和我男朋友说
1028769935218063791,1590679813878402,1616077963832275,1590679813878402,2024-01-11 18:16:54,聊天消息,而且备婚之类的也需要时间准备
1028769935218063791,1616077963832275,1616077963832275,1590679813878402,2024-01-11 18:17:08,聊天消息,我想先得到一方支持，再告诉另外一方
1028769935218063791,1616077963832275,1616077963832275,1590679813878402,2024-01-11 18:17:17,聊天消息,这样让我有底气一点，让我胆子大一
1028769935218063791,1590679813878402,1616077963832275,1590679813878402,2024-01-11 18:17:29,聊天消息,你觉得他们谁更会支持和理解你多一些呢
1028769935218063791,1590679813878402,1616077963832275,1590679813878402,2024-01-11 18:17:49,聊天消息,凭借过往的相处经验
1028769935218063791,1616077963832275,1616077963832275,1590679813878402,2024-01-11 18:17:50,聊天消息,我觉得都会支持我，但我觉得我男朋友可能比较理解我的处境吧，但我也不太确定
1028769935218063791,1616077963832275,1616077963832275,1590679813878402,2024-01-11 18:18:05,聊天消息,我爸爸他是不太赞同我全职的
1028769935218063791,1616077963832275,1616077963832275,1590679813878402,2024-01-11 18:18:11,聊天消息,但他也不是那种很死板的
1028769935218063791,1616077963832275,1616077963832275,1590679813878402,2024-01-11 18:18:25,聊天消息,但是我现在辞职了，很有可能会影响我和我男朋友结婚的事情，所以我觉得可能要和家里人说了，才能和我男朋友说
1028769935218063791,1590679813878402,1616077963832275,1590679813878402,2024-01-11 18:18:58,聊天消息,嗯嗯，你似乎已经有了决定
1028769935218063791,1616077963832275,1616077963832275,1590679813878402,2024-01-11 18:19:18,聊天消息,我想和我家里人先说，是因为他们可以帮我商讨一下辞职之后结婚这件事情该怎么办？想和我男朋友先说是因为我男朋友可能比较理解我的处境，他可能会理解我全职这个状态
1028769935218063791,1616077963832275,1616077963832275,1590679813878402,2024-01-11 18:19:29,聊天消息,这让我很纠结
1028769935218063791,1616077963832275,1616077963832275,1590679813878402,2024-01-11 18:19:35,聊天消息,我也不知道，我心里倾向于哪一方
1028769935218063791,1590679813878402,1616077963832275,1590679813878402,2024-01-11 18:19:50,聊天消息,全职备考吗
1028769935218063791,1616077963832275,1616077963832275,1590679813878402,2024-01-11 18:19:54,聊天消息,是的
1028769935218063791,1616077963832275,1616077963832275,1590679813878402,2024-01-11 18:20:13,聊天消息,因为其实我连续这三年上班很累，我也想休息一下，我不想老是那么紧张
1028769935218063791,1616077963832275,1616077963832275,1590679813878402,2024-01-11 18:20:24,聊天消息,当真的被裁了之后，有一种一个大石头落地的感觉
1028769935218063791,1616077963832275,1616077963832275,1590679813878402,2024-01-11 18:20:34,聊天消息,那一刻其实没有很难过
1028769935218063791,1616077963832275,1616077963832275,1590679813878402,2024-01-11 18:20:39,聊天消息,只是担心怎么和家里人说
1028769935218063791,1616077963832275,1616077963832275,1590679813878402,2024-01-11 18:20:46,聊天消息,和身边亲密的人说
1028769935218063791,1590679813878402,1616077963832275,1590679813878402,2024-01-11 18:20:53,聊天消息,嗯嗯，听起来男友或许会更理解你脱产备考，但也可能会因为被裁而改变对你的看法，是这样吗？
1028769935218063791,1616077963832275,1616077963832275,1590679813878402,2024-01-11 18:21:00,聊天消息,是的
1028769935218063791,1616077963832275,1616077963832275,1590679813878402,2024-01-11 18:21:17,聊天消息,但我也不知道她会不会
1028769935218063791,1616077963832275,1616077963832275,1590679813878402,2024-01-11 18:21:22,聊天消息,我没说过，不知道
1028769935218063791,1616077963832275,1616077963832275,1590679813878402,2024-01-11 18:21:44,聊天消息,所以我在想我要不要勇敢的告诉他？
1028769935218063791,1616077963832275,1616077963832275,1590679813878402,2024-01-11 18:21:53,聊天消息,因为老师这样瞒着也不是办法，你总有一天要诚实的面对对方
1028769935218063791,1590679813878402,1616077963832275,1590679813878402,2024-01-11 18:21:58,聊天消息,听起来你焦虑的程度还是比较重的
1028769935218063791,1616077963832275,1616077963832275,1590679813878402,2024-01-11 18:21:57,聊天消息,我就是我，就是没有那么优秀
1028769935218063791,1616077963832275,1616077963832275,1590679813878402,2024-01-11 18:22:27,聊天消息,我想尝试着告诉他
1028769935218063791,1590679813878402,1616077963832275,1590679813878402,2024-01-11 18:22:31,聊天消息,“被裁”会影响你对自我的价值评价吗
1028769935218063791,1616077963832275,1616077963832275,1590679813878402,2024-01-11 18:22:31,聊天消息,但是我又没有勇气
1028769935218063791,1590679813878402,1616077963832275,1590679813878402,2024-01-11 18:22:40,聊天消息,嗯嗯，我感受到了
1028769935218063791,1616077963832275,1616077963832275,1590679813878402,2024-01-11 18:22:39,聊天消息,有点儿
1028769935218063791,1616077963832275,1616077963832275,1590679813878402,2024-01-11 18:22:46,聊天消息,但是我觉得我也并没有那么糟糕
1028769935218063791,1616077963832275,1616077963832275,1590679813878402,2024-01-11 18:22:58,聊天消息,因为我在之前的那个岗位没有出现这样的情况
1028769935218063791,1590679813878402,1616077963832275,1590679813878402,2024-01-11 18:23:01,聊天消息,你想要坦诚地告诉他，但也担心因此影响到你们的关系
1028769935218063791,1616077963832275,1616077963832275,1590679813878402,2024-01-11 18:23:07,聊天消息,是的
1028769935218063791,1616077963832275,1616077963832275,1590679813878402,2024-01-11 18:23:32,聊天消息,可能不能两全
1028769935218063791,1616077963832275,1616077963832275,1590679813878402,2024-01-11 18:23:37,聊天消息,是不是？
1028769935218063791,1590679813878402,1616077963832275,1590679813878402,2024-01-11 18:23:41,聊天消息,如果他因为你被裁而选择离开你，这样会让你有什么样的感受呢
1028769935218063791,1616077963832275,1616077963832275,1590679813878402,2024-01-11 18:23:56,聊天消息,他不是真的爱我
1028769935218063791,1616077963832275,1616077963832275,1590679813878402,2024-01-11 18:24:03,聊天消息,他没办法和我并肩作战
1028769935218063791,1616077963832275,1616077963832275,1590679813878402,2024-01-11 18:24:10,聊天消息,我知道，就说明他不是对的人
1028769935218063791,1590679813878402,1616077963832275,1590679813878402,2024-01-11 18:24:20,聊天消息,嗯嗯
1028769935218063791,1616077963832275,1616077963832275,1590679813878402,2024-01-11 18:24:23,聊天消息,我挺害怕是这样的结果，所以没有勇气面对
1028769935218063791,1590679813878402,1616077963832275,1590679813878402,2024-01-11 18:24:34,聊天消息,我明白你的感受
1028769935218063791,1616077963832275,1616077963832275,1590679813878402,2024-01-11 18:24:42,聊天消息,但内心当中又觉得他不是的，所以想告诉他，但我又不能完全保证
1028769935218063791,1590679813878402,1616077963832275,1590679813878402,2024-01-11 18:24:54,聊天消息,这或许是对你们关系的一次挑战
1028769935218063791,1590679813878402,1616077963832275,1590679813878402,2024-01-11 18:25:21,聊天消息,可如果不告诉他，你内心也会因此感到煎熬
1028769935218063791,1590679813878402,1616077963832275,1590679813878402,2024-01-11 18:27:11,聊天消息,其实你本身也在考虑是否辞职去全心备考，似乎只是“主动辞职”和“被裁”两件事所带给你的感受不同
1028769935218063791,1616077963832275,1616077963832275,1590679813878402,2024-01-11 18:27:21,聊天消息,是的
1028769935218063791,1590679813878402,1616077963832275,1590679813878402,2024-01-11 18:27:44,聊天消息,主动辞职是有选择权的，而被裁则给你带来了一定的挫败感
1028769935218063791,1616077963832275,1616077963832275,1590679813878402,2024-01-11 18:27:51,聊天消息,而且这个事情发生的很突然
1028769935218063791,1616077963832275,1616077963832275,1590679813878402,2024-01-11 18:27:57,聊天消息,让我有点措手不及
1028769935218063791,1616077963832275,1616077963832275,1590679813878402,2024-01-11 18:28:01,聊天消息,是的
1028769935218063791,1590679813878402,1616077963832275,1590679813878402,2024-01-11 18:28:10,聊天消息,嗯嗯，所以这个时候更要做好自我关怀
1028769935218063791,1590679813878402,1616077963832275,1590679813878402,2024-01-11 18:28:42,聊天消息,在你感到挫败和被否认时，可能对关系的想象则会更偏负面
1028769935218063791,1590679813878402,1616077963832275,1590679813878402,2024-01-11 18:29:23,聊天消息,可以试着回想下和男友相处时对方是否更多支持和理解你
1028769935218063791,1616077963832275,1616077963832275,1590679813878402,2024-01-11 18:29:55,聊天消息,好的
1028769935218063791,1616077963832275,1616077963832275,1590679813878402,2024-01-11 18:30:04,聊天消息,那父母那边
1028769935218063791,1616077963832275,1616077963832275,1590679813878402,2024-01-11 18:30:10,聊天消息,我该怎么处理
1028769935218063791,1590679813878402,1616077963832275,1590679813878402,2024-01-11 18:30:19,聊天消息,父母那边可以预设一下他们的反应
1028769935218063791,1616077963832275,1616077963832275,1590679813878402,2024-01-11 18:30:24,聊天消息,我觉得我的爸爸妈妈应该会理解我，但是我还是不知道如何说
1028769935218063791,1616077963832275,1616077963832275,1590679813878402,2024-01-11 18:30:31,聊天消息,他们肯定也会担心
1028769935218063791,1590679813878402,1616077963832275,1590679813878402,2024-01-11 18:30:38,聊天消息,我想你更周全的考虑和安排会给到他们一些安全感
1028769935218063791,1590679813878402,1616077963832275,1590679813878402,2024-01-11 18:31:26,聊天消息,比如，就像你刚刚所跟我说的，过去三年所感到的压力和挑战，希望给自己时间稍微休息休息调整状态
1028769935218063791,1590679813878402,1616077963832275,1590679813878402,2024-01-11 18:31:47,聊天消息,以及这段时间可以更好地备考、备婚
1028769935218063791,1590679813878402,1616077963832275,1590679813878402,2024-01-11 18:31:55,聊天消息,你觉得是否可行呢
1028769935218063791,1616077963832275,1616077963832275,1590679813878402,2024-01-11 18:32:19,聊天消息,我懂了呢
1028769935218063791,1616077963832275,1616077963832275,1590679813878402,2024-01-11 18:32:49,聊天消息,唉
1028769935218063791,1590679813878402,1616077963832275,1590679813878402,2024-01-11 18:33:15,聊天消息,来自他们任何一方的支持对你都是重要的，但更重要的是你对自己的关怀和肯定
1028769935218063791,1616077963832275,1616077963832275,1590679813878402,2024-01-11 18:33:32,聊天消息,我该怎么关怀和肯定自己？
1028769935218063791,1590679813878402,1616077963832275,1590679813878402,2024-01-11 18:33:38,聊天消息,突如其来的被裁，对大多数人都是一定的打击
1028769935218063791,1616077963832275,1616077963832275,1590679813878402,2024-01-11 18:33:40,聊天消息,我觉得我现在对这件事情的感受很复杂
1028769935218063791,1590679813878402,1616077963832275,1590679813878402,2024-01-11 18:33:48,聊天消息,可以试着讲出来
1028769935218063791,1616077963832275,1616077963832275,1590679813878402,2024-01-11 18:33:58,聊天消息,我好像没有很伤心
1028769935218063791,1616077963832275,1616077963832275,1590679813878402,2024-01-11 18:34:09,聊天消息,但是你说完全不伤心，那也不是
1028769935218063791,1616077963832275,1616077963832275,1590679813878402,2024-01-11 18:34:16,聊天消息,毕竟前路迷茫，也不一定考得上
1028769935218063791,1616077963832275,1616077963832275,1590679813878402,2024-01-11 18:34:25,聊天消息,但是我内心不知道为什么多了一种平静感
1028769935218063791,1616077963832275,1616077963832275,1590679813878402,2024-01-11 18:34:31,聊天消息,不知道为啥会出现这种感觉
1028769935218063791,1616077963832275,1616077963832275,1590679813878402,2024-01-11 18:34:43,聊天消息,我感觉如果我和我男朋友还有家里人说，我感觉我可以很轻松的平静一段时间
1028769935218063791,1590679813878402,1616077963832275,1590679813878402,2024-01-11 18:34:50,聊天消息,我想这可能和你过往在工作中的感受相关
1028769935218063791,1590679813878402,1616077963832275,1590679813878402,2024-01-11 18:35:05,聊天消息,你刚刚说其实你也在考虑是否辞职
1028769935218063791,1616077963832275,1616077963832275,1590679813878402,2024-01-11 18:35:12,聊天消息,我从事的是一份教师工作，那个学生很难管，我觉得要去控制学生好难
1028769935218063791,1616077963832275,1616077963832275,1590679813878402,2024-01-11 18:35:21,聊天消息,但我确实除了这一行之外，我不知道干什么，我没有钱
1028769935218063791,1616077963832275,1616077963832275,1590679813878402,2024-01-11 18:35:31,聊天消息,但是你让我去那样发火，去管学生去强制别人做事情，我真的好难
1028769935218063791,1616077963832275,1616077963832275,1590679813878402,2024-01-11 18:35:46,聊天消息,我不是一个很强势的人，我不是很会发火，我不是很会管学生
1028769935218063791,1616077963832275,1616077963832275,1590679813878402,2024-01-11 18:36:12,聊天消息,我不会去教育和管别人，我也不喜欢去教育我身边的同事，我的伴侣
1028769935218063791,1616077963832275,1616077963832275,1590679813878402,2024-01-11 18:36:29,聊天消息,我总觉得每个人是对自己人生负责
1028769935218063791,1590679813878402,1616077963832275,1590679813878402,2024-01-11 18:36:34,聊天消息,我感受到你有些对自己的否定，以及无力感
1028769935218063791,1616077963832275,1616077963832275,1590679813878402,2024-01-11 18:36:40,聊天消息,但是教师这个行业好像我要对那四五十个人的人生负责
1028769935218063791,1616077963832275,1616077963832275,1590679813878402,2024-01-11 18:36:50,聊天消息,对，我从事这个行业的时候会有这样的感觉，但我又不得不从事，因为我的专业是这
1028769935218063791,1590679813878402,1616077963832275,1590679813878402,2024-01-11 18:36:54,聊天消息,这样的描述的确压力很大
1028769935218063791,1590679813878402,1616077963832275,1590679813878402,2024-01-11 18:37:06,聊天消息,对别人的人生负责，还是四五十个
1028769935218063791,1616077963832275,1616077963832275,1590679813878402,2024-01-11 18:37:11,聊天消息,因为他成绩不好，会影响他考大学
1028769935218063791,1616077963832275,1616077963832275,1590679813878402,2024-01-11 18:37:20,聊天消息,我不管他们，他们成绩就会不好，我教学就失败
1028769935218063791,1616077963832275,1616077963832275,1590679813878402,2024-01-11 18:37:26,聊天消息,我管他们，我心力交瘁
1028769935218063791,1590679813878402,1616077963832275,1590679813878402,2024-01-11 18:37:32,聊天消息,明白
1028769935218063791,1616077963832275,1616077963832275,1590679813878402,2024-01-11 18:37:50,聊天消息,所以这份工作结束的时候，我有一种平静感
1028769935218063791,1590679813878402,1616077963832275,1590679813878402,2024-01-11 18:38:00,聊天消息,不过，老师也是教育和督导的角色，最终的人生还是要自己选、自己负担
1028769935218063791,1590679813878402,1616077963832275,1590679813878402,2024-01-11 18:38:16,聊天消息,你过去三年也真的很辛苦
1028769935218063791,1616077963832275,1616077963832275,1590679813878402,2024-01-11 18:38:17,聊天消息,但确实我又需要一份工作来养自己
1028769935218063791,1616077963832275,1616077963832275,1590679813878402,2024-01-11 18:38:56,聊天消息,这样被动的结束，可能对我来说也是好的，帮我做了选择
1028769935218063791,1590679813878402,1616077963832275,1590679813878402,2024-01-11 18:38:57,聊天消息,或许可以看看别的机会，是否有适合的兼职可以同时兼顾备考和一部分生活零用
1028769935218063791,1616077963832275,1616077963832275,1590679813878402,2024-01-11 18:39:08,聊天消息,可能我确实不太适合这个工作
1028769935218063791,1590679813878402,1616077963832275,1590679813878402,2024-01-11 18:39:10,聊天消息,是呢，我想平静感或许来自这里
1028769935218063791,1590679813878402,1616077963832275,1590679813878402,2024-01-11 18:39:26,聊天消息,帮你离开了一份不适合的工作
1028769935218063791,1616077963832275,1616077963832275,1590679813878402,2024-01-11 18:39:37,聊天消息,  所以我有时候在想，我并不失败，可能我真的是不适合
1028769935218063791,1616077963832275,1616077963832275,1590679813878402,2024-01-11 18:39:40,聊天消息,也不是我懒惰
1028769935218063791,1616077963832275,1616077963832275,1590679813878402,2024-01-11 18:39:44,聊天消息,也不是我不负责
1028769935218063791,1616077963832275,1616077963832275,1590679813878402,2024-01-11 18:39:48,聊天消息,我也很用力的在做
1028769935218063791,1616077963832275,1616077963832275,1590679813878402,2024-01-11 18:39:54,聊天消息,但我真的好像做不好
1028769935218063791,1616077963832275,1616077963832275,1590679813878402,2024-01-11 18:40:03,聊天消息,我在很努力的调整
1028769935218063791,1616077963832275,1616077963832275,1590679813878402,2024-01-11 18:40:08,聊天消息,但还是做的没别人好
1028769935218063791,1590679813878402,1616077963832275,1590679813878402,2024-01-11 18:40:24,聊天消息,是的，如果用尽力气还是做不好，那大概就是不适合
1028769935218063791,1590679813878402,1616077963832275,1590679813878402,2024-01-11 18:40:32,聊天消息,每个人的天赋和潜能不同
1028769935218063791,1616077963832275,1616077963832275,1590679813878402,2024-01-11 18:40:40,聊天消息,谢谢你
1028769935218063791,1616077963832275,1616077963832275,1590679813878402,2024-01-11 18:40:48,聊天消息,而且一直这样强迫自己做这些事情，我真的很难受
1028769935218063791,1590679813878402,1616077963832275,1590679813878402,2024-01-11 18:40:52,聊天消息,在不适合的地方持续努力反倒会产生更多的挫败感
1028769935218063791,1616077963832275,1616077963832275,1590679813878402,2024-01-11 18:40:51,聊天消息,我想诚实的面对自己
1028769935218063791,1616077963832275,1616077963832275,1590679813878402,2024-01-11 18:40:55,聊天消息,所以我想把这个事实告诉他
1028769935218063791,1590679813878402,1616077963832275,1590679813878402,2024-01-11 18:41:03,聊天消息,嗯嗯，相信自己
1028769935218063791,1616077963832275,1616077963832275,1590679813878402,2024-01-11 18:41:13,聊天消息,诚实的面对自己，面对关系，面对工作
1028769935218063791,1590679813878402,1616077963832275,1590679813878402,2024-01-11 18:41:25,免费消息,不管对方的反应如何，你都是值得被爱的
1028769935218063791,1590679813878402,1616077963832275,1590679813878402,2024-01-11 18:41:39,免费消息,不过，我觉得或许结果没有我们想象的那么糟糕
1028769935218063791,1590679813878402,1616077963832275,1590679813878402,2024-01-11 18:42:11,免费消息,最近要关照好自己的情绪哦
1028769935218063791,1590679813878402,1616077963832275,1590679813878402,2024-01-11 18:42:27,免费消息,好好吃饭，充足睡眠，维持日常生活
1028769935218063791,1616077963832275,1616077963832275,1590679813878402,2024-01-11 18:42:36,免费消息,那我就先告诉家里人，再告诉他，然后就专心的备考，专心的结婚，如果他不愿意和我结婚，就说明他不是对的人
1028769935218063791,1590679813878402,1616077963832275,1590679813878402,2024-01-11 18:42:44,免费消息,是的
1028769935218063791,1590679813878402,1616077963832275,1590679813878402,2024-01-11 18:43:01,免费消息,好好沟通
1028769935218063791,1616077963832275,1616077963832275,1590679813878402,2024-01-11 18:44:08,免费消息,可以停下来的对不对？也不是说每时每刻都要这种不间断的去工作或者去学习我的人生不是一个一条线或者是一条
1028769935218063791,1590679813878402,1616077963832275,1590679813878402,2024-01-11 18:44:35,免费消息,当然了
1028769935218063791,1590679813878402,1616077963832275,1590679813878402,2024-01-11 18:44:58,免费消息,适时地停顿，或许可以喜欢浮现
1028769935218063791,1590679813878402,1616077963832275,1590679813878402,2024-01-11 18:46:09,免费消息,我今年其实也在gap中，有时间停下来去重新思考自己想做什么，其实也很难得
1028769935218063791,1590679813878402,1616077963832275,1590679813878402,2024-01-11 18:47:01,免费消息,偶尔的焦虑会有的，但不会觉得浪费了时间
1028769935218063791,1590679813878402,1616077963832275,1590679813878402,2024-01-11 18:47:12,免费消息,希望可以给你一点力量
1028769935218063791,1616077963832275,1616077963832275,1590679813878402,2024-01-11 18:47:43,免费消息,谢谢你，我从读高中开始就一直很焦虑一直害怕落后一直和别人比较，很少听从自己的心，没有过上自己的人生
1028769935218063791,1590679813878402,1616077963832275,1590679813878402,2024-01-11 18:48:25,免费消息,或许这就是上帝踢你的一脚
1028769935218063791,1590679813878402,1616077963832275,1590679813878402,2024-01-11 18:48:57,免费消息,你的焦虑是有历史原因的，给自己点时间去慢慢探索，状态是可以调整的
1028769935218063791,1590679813878402,1616077963832275,1590679813878402,2024-01-11 18:49:18,免费消息,祝你一切都好，时间会给我们答案的
1028769935218063791,1590679813878402,1616077963832275,1590679813878402,2024-01-11 18:49:25,免费消息,也谢谢你的信任哦
1028769935218063791,1590679813878402,1616077963832275,1590679813878402,2024-01-11 18:49:57,免费消息,在沟通中我也感受到了你对生活的很多觉察和思考，这其实并不容易，多肯定自己一些呀
1028769935218063791,1590679813878402,1616077963832275,1590679813878402,2024-01-11 18:50:05,免费消息,那我们今天就先聊到这里吧
1028769935218063791,1590679813878402,1616077963832275,1590679813878402,2024-01-12 19:58:14,免费消息,【本次小结】
你好，昨天你和我聊了不知道如何告诉家人和男友自己被裁的事情，在沟通过程中我们了解到你也考虑过自己与工作的适配度，也在考虑是否辞职考公，而当下的顾虑主要有两点：1.你的男友会因此而看低你，从而影响到你们之间的感情；2.家人会因此而责备你，或不支持你全职备考。

对于家人，可以试着向他们表达你对于未来的职业规划，当你对自己的未来更笃定，我想他们或许也会因此更加安心。而对于你和男友的感情，我想这也将会是一次小小的考验。无论结果如何，请相信你本身就是值得被爱的，不需要任何前提。

最后，我想说的是：突然被裁这件事会影响你的情绪以及对自我的认知，这段时间更多关照自己的情绪，不要因此而否定自我价值。有时候，勇敢告别不适合的境况，也会收获新的辽阔。祝你一切都好，时间会给我们答案的。未来有任何想要谈论的问题，也随时可以再找我沟通。 星兜
1413532531678357852,1570457092657504,1702630845652918,1570457092657504,2024-01-11 20:48:10,免费消息,你好，我是叶子。每个人的人生路上都会遇到一些困扰和烦心事儿，如果你有一些想探索的，我愿意陪你一起去看看~

【我的擅长领域】
-情绪困扰
（焦虑、纠结、隔离、自我怀疑、自我否定、敏感、压抑、自责）
-负面经历的影响
（家庭、情感、人际、丧失与哀悼）
-人际困扰
（边界感、敌对感、社交恐惧、沟通）

【个人咨询实例】
一个被男友PUA的女孩，觉得自己真的很不好，为此痛苦失眠。经过咨询，我帮她梳理了很多压抑的感受，以及背后童年经历的影响，帮助她重新接纳自己。

想要知道我是不是适合你的聊愈师，可以点击我的头像，查看我详细的个人介绍和个人动态。
1413532531678357852,1702630845652918,1702630845652918,1570457092657504,2024-01-11 20:49:48,免费消息,你好 请问可以咨询恋爱方面的吗
1413532531678357852,1570457092657504,1702630845652918,1570457092657504,2024-01-11 20:50:43,免费消息,具体是恋爱的哪个方面呢？我需要再多一点信息评估一下~
1413532531678357852,1702630845652918,1702630845652918,1570457092657504,2024-01-11 20:51:25,免费消息,应该是前男友出轨以及和现男友在一起的自我消耗吧
1413532531678357852,1570457092657504,1702630845652918,1570457092657504,2024-01-11 20:51:56,免费消息,可以咨询的
1413532531678357852,1570457092657504,1702630845652918,1570457092657504,2024-01-11 20:52:23,免费消息,你想先从哪个地方说起？
1413532531678357852,1570457092657504,1702630845652918,1570457092657504,2024-01-11 20:52:56,免费消息,从你自己想到的任何地方开始都是可以的
1413532531678357852,1702630845652918,1702630845652918,1570457092657504,2024-01-11 20:55:12,免费消息,我和前任是2020年10月份认识的 大概了解认识3天就在一起了（当时很颜控 一见钟情）
1413532531678357852,1702630845652918,1702630845652918,1570457092657504,2024-01-11 20:55:49,免费消息,我们在一起的过程就很不好 我被pua啊 然后他会找我借钱啊 还会几个小时都不回消息 最后是他出轨结束
1413532531678357852,1570457092657504,1702630845652918,1570457092657504,2024-01-11 20:56:30,免费消息,感觉在和前任的这个过程中，你遭遇了很多不好的经历
1413532531678357852,1702630845652918,1702630845652918,1570457092657504,2024-01-11 20:56:47,免费消息,因为2021年10月2日我过生日的时候他在我家陪我吹完蜡烛 然后骗我说家里有事 结果是出去约炮
1413532531678357852,1570457092657504,1702630845652918,1570457092657504,2024-01-11 20:57:30,聊天消息,本来是你的生日，但他却做了很伤害你们感情的事情
1413532531678357852,1570457092657504,1702630845652918,1570457092657504,2024-01-11 20:58:15,聊天消息,你当时有什么样的感受呢？
1413532531678357852,1702630845652918,1702630845652918,1570457092657504,2024-01-11 20:58:35,聊天消息,然后我对此有很严重的ptsd 后来我遇到了我的现任 在2022年10月30号的时候认识的
1413532531678357852,1570457092657504,1702630845652918,1570457092657504,2024-01-11 20:59:25,聊天消息,嗯，是在同一个月认识了现男友
1413532531678357852,1570457092657504,1702630845652918,1570457092657504,2024-01-11 20:59:57,聊天消息,你前面提到和现男友一起的自我消耗
1413532531678357852,1570457092657504,1702630845652918,1570457092657504,2024-01-11 21:00:15,聊天消息,这个具体是指？
1413532531678357852,1702630845652918,1702630845652918,1570457092657504,2024-01-11 21:00:26,聊天消息,不是 和前任结束是2021年 和现任是2022年认识的 那个时候也是一见钟情吧 但是第二天知道他有女朋友
1413532531678357852,1570457092657504,1702630845652918,1570457092657504,2024-01-11 21:00:49,聊天消息,抱歉哈，我刚才看错了
1413532531678357852,1570457092657504,1702630845652918,1570457092657504,2024-01-11 21:01:21,聊天消息,嗯，你认识他的时候他是有女朋友的
1413532531678357852,1702630845652918,1702630845652918,1570457092657504,2024-01-11 21:01:50,聊天消息,但是因为我们住在同一个公寓里面 一来二去 我们和公寓另外两个我们四个人就成为了朋友 然后他就会经常在我们四人小组说想分手 但是又开不了口
1413532531678357852,1570457092657504,1702630845652918,1570457092657504,2024-01-11 21:02:22,聊天消息,他会有想分手的想法，但却无法行动
1413532531678357852,1702630845652918,1702630845652918,1570457092657504,2024-01-11 21:02:51,聊天消息,然后因为疫情我们四个人又经常在一起玩 最后就是一个偶然的机会 我和他单独喝了酒 然后我有点上头吧 就和他睡了觉
1413532531678357852,1570457092657504,1702630845652918,1570457092657504,2024-01-11 21:03:47,聊天消息,就是慢慢地熟悉了，然后因为在酒精的作用下，你没有控制住自己的感情
1413532531678357852,1702630845652918,1702630845652918,1570457092657504,2024-01-11 21:03:53,聊天消息,后来他分手了我和他在一起了 但是我就开始了自我消耗 我觉得他虽然已经和前女友属于名存实亡了 但是始终在关系里面
1413532531678357852,1570457092657504,1702630845652918,1570457092657504,2024-01-11 21:04:20,聊天消息,嗯，始终在关系里面是指？
1413532531678357852,1702630845652918,1702630845652918,1570457092657504,2024-01-11 21:04:50,聊天消息,他说和前女友没有感情了 但是始终正式地说分手
1413532531678357852,1570457092657504,1702630845652918,1570457092657504,2024-01-11 21:05:27,聊天消息,是指他并没有正式的向对方提出分手，只是形式上看起来是分开了吗？
1413532531678357852,1702630845652918,1702630845652918,1570457092657504,2024-01-11 21:05:56,聊天消息,就是没感情了 但是开不了口说 因为谈了3年
1413532531678357852,1570457092657504,1702630845652918,1570457092657504,2024-01-11 21:06:32,聊天消息,嗯，所以你们其实始终是在一个三人关系中
1413532531678357852,1702630845652918,1702630845652918,1570457092657504,2024-01-11 21:07:08,聊天消息,睡的时候没有分手 但是后面和我在一起的时候分了
1413532531678357852,1570457092657504,1702630845652918,1570457092657504,2024-01-11 21:07:34,聊天消息,明白
1413532531678357852,1702630845652918,1702630845652918,1570457092657504,2024-01-11 21:07:35,聊天消息,但是我就开始了无尽的消耗 我觉得他会对前女友出轨 也会对我出轨
1413532531678357852,1570457092657504,1702630845652918,1570457092657504,2024-01-11 21:08:12,聊天消息,似乎是对这段感情不太有安全感，怕自己也会遭遇同样的对待
1413532531678357852,1702630845652918,1702630845652918,1570457092657504,2024-01-11 21:08:37,聊天消息,对 而且他很喜欢看擦边 这让我更加没有安全感
1413532531678357852,1570457092657504,1702630845652918,1570457092657504,2024-01-11 21:09:10,聊天消息,他的行为和爱好都让你感觉不够有安全感
1413532531678357852,1702630845652918,1702630845652918,1570457092657504,2024-01-11 21:09:12,聊天消息,可是我身边的男生朋友也爱看 似乎是个男人都爱看 把这个来作为评判他会不会出轨的标准不太公平
1413532531678357852,1570457092657504,1702630845652918,1570457092657504,2024-01-11 21:10:01,聊天消息,感觉你内心会有一些矛盾，一方面他这样确实会让你没有安全感，但另一方面你又觉得不能这样去判断
1413532531678357852,1570457092657504,1702630845652918,1570457092657504,2024-01-11 21:10:30,聊天消息,你希望我可以怎么帮你呢？
1413532531678357852,1702630845652918,1702630845652918,1570457092657504,2024-01-11 21:10:41,聊天消息,我不知道该不该说分手
1413532531678357852,1702630845652918,1702630845652918,1570457092657504,2024-01-11 21:11:00,聊天消息,因为我很怕我是受前任的影响 从而对现任变得苛刻
1413532531678357852,1702630845652918,1702630845652918,1570457092657504,2024-01-11 21:11:18,聊天消息,但是现任又确实做出了让我很没有安全感的事
1413532531678357852,1570457092657504,1702630845652918,1570457092657504,2024-01-11 21:11:51,聊天消息,你担心会让现任承受了你在前任那里的一些感觉
1413532531678357852,1702630845652918,1702630845652918,1570457092657504,2024-01-11 21:12:16,聊天消息,而且我们现在住在一起 我没办法直接搬家 不让他知道 因为我觉得我自己内耗也有原因 我还想和他做朋友
1413532531678357852,1570457092657504,1702630845652918,1570457092657504,2024-01-11 21:12:50,聊天消息,是指即使分开，也还想继续做朋友吗？
1413532531678357852,1702630845652918,1702630845652918,1570457092657504,2024-01-11 21:13:27,聊天消息,对 因为我们两个很同频 但是再谈下去就是结婚 我在前任的影响下已经很恐婚了
1413532531678357852,1702630845652918,1702630845652918,1570457092657504,2024-01-11 21:13:51,聊天消息,所以我现在是恐婚状态 甚至连恋爱都谈不好
1413532531678357852,1702630845652918,1702630845652918,1570457092657504,2024-01-11 21:13:58,聊天消息,我不知道怎么办
1413532531678357852,1570457092657504,1702630845652918,1570457092657504,2024-01-11 21:14:14,聊天消息,似乎有一种恐惧感一直在你心里
1413532531678357852,1570457092657504,1702630845652918,1570457092657504,2024-01-11 21:14:44,聊天消息,你有没有和对方沟通过你的这些感受呢？
1413532531678357852,1702630845652918,1702630845652918,1570457092657504,2024-01-11 21:14:56,聊天消息,全部都交流过
1413532531678357852,1702630845652918,1702630845652918,1570457092657504,2024-01-11 21:15:08,聊天消息,但是没有用 我内耗很严重
1413532531678357852,1702630845652918,1702630845652918,1570457092657504,2024-01-11 21:15:23,聊天消息,我觉得我很怕被出轨这件事
1413532531678357852,1570457092657504,1702630845652918,1570457092657504,2024-01-11 21:15:40,聊天消息,嗯，当时对方是如何反应的呢？
1413532531678357852,1702630845652918,1702630845652918,1570457092657504,2024-01-11 21:15:40,聊天消息,而且也很怕再次被渣
1413532531678357852,1702630845652918,1702630845652918,1570457092657504,2024-01-11 21:16:05,聊天消息,他有解释
1413532531678357852,1570457092657504,1702630845652918,1570457092657504,2024-01-11 21:16:43,聊天消息,只是这些解释并不能消除你的担心
1413532531678357852,1702630845652918,1702630845652918,1570457092657504,2024-01-11 21:16:43,聊天消息,但是我不敢相信
1413532531678357852,1570457092657504,1702630845652918,1570457092657504,2024-01-11 21:17:07,聊天消息,因为前任留下的阴影，让你不敢相信了
1413532531678357852,1702630845652918,1702630845652918,1570457092657504,2024-01-11 21:17:23,聊天消息,你是ai吗
1413532531678357852,1702630845652918,1702630845652918,1570457092657504,2024-01-11 21:17:31,聊天消息,一直在肯定我说的
1413532531678357852,1702630845652918,1702630845652918,1570457092657504,2024-01-11 21:17:43,聊天消息,但是不解决我的问题
1413532531678357852,1570457092657504,1702630845652918,1570457092657504,2024-01-11 21:18:08,聊天消息,抱歉让你感觉不好了，我前面在试图理解和确认我的理解是否准确，后面我们一起来探索
1413532531678357852,1702630845652918,1702630845652918,1570457092657504,2024-01-11 21:18:20,聊天消息,时间都要到了
1413532531678357852,1570457092657504,1702630845652918,1570457092657504,2024-01-11 21:18:47,聊天消息,抱歉哈，后面如果我们来不及谈的，我会补充在后续的小结中的
1413532531678357852,1570457092657504,1702630845652918,1570457092657504,2024-01-11 21:19:22,聊天消息,就是我想问你觉得你现在的男朋友做到了哪些，你就会相信他？
1413532531678357852,1570457092657504,1702630845652918,1570457092657504,2024-01-11 21:19:48,聊天消息,或者其实无论怎么做，你心里的恐惧依然会在的？
1413532531678357852,1702630845652918,1702630845652918,1570457092657504,2024-01-11 21:19:54,聊天消息,好像怎么都都相信不了
1413532531678357852,1702630845652918,1702630845652918,1570457092657504,2024-01-11 21:20:01,聊天消息,是的
1413532531678357852,1570457092657504,1702630845652918,1570457092657504,2024-01-11 21:20:44,聊天消息,那我们就重点来看看前面一段感情的影响，其实当遭遇了一段不好的感情时，会很大的消耗信任感
1413532531678357852,1702630845652918,1702630845652918,1570457092657504,2024-01-11 21:21:07,聊天消息,而且还有个原因 我不知道对不对
1413532531678357852,1570457092657504,1702630845652918,1570457092657504,2024-01-11 21:21:18,聊天消息,嗯，你说
1413532531678357852,1702630845652918,1702630845652918,1570457092657504,2024-01-11 21:21:22,聊天消息,就是我其实是私生女
1413532531678357852,1702630845652918,1702630845652918,1570457092657504,2024-01-11 21:21:33,聊天消息,所以我的家庭一直不完整
1413532531678357852,1570457092657504,1702630845652918,1570457092657504,2024-01-11 21:22:10,聊天消息,这种家庭的不完整是否从小就会给你带来一些安全感不足的感觉呢？
1413532531678357852,1702630845652918,1702630845652918,1570457092657504,2024-01-11 21:22:27,聊天消息,我家里条件不好 我妈妈也换了很多男朋友 前提条件就是有钱能够养活我门母女
1413532531678357852,1570457092657504,1702630845652918,1570457092657504,2024-01-11 21:22:59,聊天消息,所以，你小时候周围的人似乎也不够稳定，会换来换去
1413532531678357852,1702630845652918,1702630845652918,1570457092657504,2024-01-11 21:23:01,聊天消息,会在谈恋爱的时候不去往长远想 只想当下
1413532531678357852,1570457092657504,1702630845652918,1570457092657504,2024-01-11 21:23:29,聊天消息,嗯，因为长远似乎都不稳定
1413532531678357852,1570457092657504,1702630845652918,1570457092657504,2024-01-11 21:23:48,聊天消息,这是你小时候的经历告诉你的
1413532531678357852,1702630845652918,1702630845652918,1570457092657504,2024-01-11 21:24:13,聊天消息,这是我的秘密 我没有告诉任何人
1413532531678357852,1570457092657504,1702630845652918,1570457092657504,2024-01-11 21:24:32,聊天消息,我会保密的，这是职业伦理的要求，放心
1413532531678357852,1702630845652918,1702630845652918,1570457092657504,2024-01-11 21:24:36,聊天消息,所以我不知道这个对我的情感是不是有影响
1413532531678357852,1702630845652918,1702630845652918,1570457092657504,2024-01-11 21:25:05,聊天消息,我也不知道要不要和现任说 因为我担心“破窗效应”
1413532531678357852,1570457092657504,1702630845652918,1570457092657504,2024-01-11 21:25:25,聊天消息,明白你的担心
1413532531678357852,1570457092657504,1702630845652918,1570457092657504,2024-01-11 21:25:39,聊天消息,那我们做一个假设，如果没有你的前任，你现在对感情的安全感
1413532531678357852,1570457092657504,1702630845652918,1570457092657504,2024-01-11 21:25:55,聊天消息,如果10分是满分，绝对的安全，0分是一点安全感也没有
1413532531678357852,1570457092657504,1702630845652918,1570457092657504,2024-01-11 21:26:13,聊天消息,你觉得你会打几分呢？
1413532531678357852,1702630845652918,1702630845652918,1570457092657504,2024-01-11 21:26:23,聊天消息,9分
1413532531678357852,1570457092657504,1702630845652918,1570457092657504,2024-01-11 21:26:56,聊天消息,如果加入了你的前任，你现在对感情的安全感又会打几分呢？
1413532531678357852,1702630845652918,1702630845652918,1570457092657504,2024-01-11 21:27:08,聊天消息,2分
1413532531678357852,1570457092657504,1702630845652918,1570457092657504,2024-01-11 21:27:41,聊天消息,所以在这个过程里，前任的影响是更大的，家庭的影响从你的打分看反而没有那么严重
1413532531678357852,1570457092657504,1702630845652918,1570457092657504,2024-01-11 21:28:28,聊天消息,那在后续的小结中，我把重点放在如何克服前任的影响上，你觉得可以吗？
1413532531678357852,1702630845652918,1702630845652918,1570457092657504,2024-01-11 21:29:25,免费消息,但是我似乎更需要怎么去知道和现任的相处 因为我和现任的开始也是类似的情况
1413532531678357852,1702630845652918,1702630845652918,1570457092657504,2024-01-11 21:30:04,免费消息,而且我不知道该不该继续 我也不知道怎么去和现任开口 因为很怕因为自己的原因错过了一个很好的男生
1413532531678357852,1570457092657504,1702630845652918,1570457092657504,2024-01-11 21:30:45,聊天消息,好的，那我会重点谈一下这三部分
1413532531678357852,1570457092657504,1702630845652918,1570457092657504,2024-01-11 21:31:15,聊天消息,我会在24小时内给你发送一份小结，你到时先看一下，如果有不清楚的地方，随时给我留言就好
1413532531678357852,1702630845652918,1702630845652918,1570457092657504,2024-01-11 21:32:12,免费消息,他的人格是enfj a 我的人格是esfj
1413532531678357852,1570457092657504,1702630845652918,1570457092657504,2024-01-11 21:33:10,聊天消息,好的，这个我会考虑进去的
1413532531678357852,1570457092657504,1702630845652918,1570457092657504,2024-01-11 21:33:36,聊天消息,最后还是要跟你说声抱歉，我的风格可能偏向前期确认的会比较多一些，在足够了解的情况下再入手看问题如何解决，可能会让你觉得有点慢和不舒服，后续我们的交流中我会让节奏快一点的~
1413532531678357852,1570457092657504,1702630845652918,1570457092657504,2024-01-12 19:37:33,免费消息,【本次小结】
你好，这次我们主要聊到了你在之前和现在感情中的一些经历和感受。前男友的种种行为给你带来了很大的伤害，而现任对待前女友的类似行为也让你担心会被同样对待，因而在感情中很没有安全感，这些长久的内耗和担心让你的内心很辛苦。

其实当你在感情中经历过一次背叛，在下一段感情中会有担心是很正常的事情，信任一旦被破坏，要想再建确实是一件不容易的事，几乎每个人都会如此。你内心想相信对方又不敢相信的矛盾，恐惧的情绪，都是很正常的，它们的存在只是在提醒你曾经的伤害太大了，要谨慎一些，不要让自己再受到伤害。所以，不妨先多给自己一些理解。你的内耗、恐惧、担心都是来保护你的，虽然它们带来了一些负面的影响，但它们积极的那一面也应该被看到。下次当它们再来的时候，你可以告诉它们“我看到你们了，我知道你们想保护我，我收到了，你们可以离开了”。这种接纳和对话，可以帮你放松内耗带来的压力，以一种更轻松的方式去和它们相处。

而你提到不知道该不该继续，我能感受到你内心的矛盾。如果选择分手，你担心自己是在前任的影响下做出的决定，也怕失去一个同频的朋友。而如果不分手，现任又确实做出了让你很没有安全感的事，让你对未来的婚姻也会有些恐惧。

在你的打分中，以及提到“无论他做什么，我都相信不了”，从中可以看到前任对你在这段感情中安全感的影响是很大的。所以在做决定前，先找方法减少上一段感情带给你的影响，是非常必要的，这样才可以让自己不会因为上一段感情的影响而造成对现任的遗憾。对此，我会建议你在感受到前任的影响时，可以找一个安静的空间，想象自己在和对方对话，或是给对方写一封信，把你想说的话、你对他的感受、不满、他现在给你带来的影响等等，都写下来，尽情地书写、表达，最后撕掉。这样可以帮助你释放掉上一段感情带来的一些影响。

而在这之后，对于感情去留的决定，可以尝试思考并在纸上列一列自己对一段感情的核心需求和底线，以及理想伴侣的三个必须具备的条件，理想的亲密关系的相处模式是什么。这样的练习可以帮助你更加清楚自己想要什么样的关系，从而知道该坚持什么，放弃什么。你也可以把当下这段关系的状态客观地书写下来，想象是你的一个好朋友处于这样的状态中，你会给她怎样的建议？尝试跳出当事人的身份可以帮助你更加客观理性地去做选择。

如果你最终的选择是继续这段感情，就要提到你的问题，即怎么和现任相处。首先要做的，或许是区分哪些是前任的影响，哪些是现任的责任。你可以尝试使用我们讨论中使用的打分的方式去帮助自己区分，对现男友的一些行为，他的行为本身带来的不可忍受性是多少分，加入了上一段感情的影响后这个分值会有变化吗？如果分值变动很大，你就要提醒自己去处理那些又冒出来的前任的影响，并反复提醒自己这和现男友是无关的，是要自己去处理和面对的。此时可以找一张纸，尝试觉察出你当下的恐惧，并写下来，观察它们，并反复告诉自己“这些恐惧是前任带来的，在现在的关系中可能被我放大了”，最后撕掉这张纸。而如果分值变动不大，那就是现男友自身的行为带给你的感受，如果你觉得不可忍受，就可以选择和他沟通。

我不确定你们之前的沟通是如何进行的，下面是我的沟通建议，如果你觉得适用，就可以再去试一试，比如可以和对方商量，每周一次或者两次专属的沟通时间，一定是在双方都比较平和的时候，彼此表达一下两个人对这一段时间以来对方的行为的感受，以及期待对方可以如何做。建议在沟通时双方都多用“我”字开头，“我感到......"、”我希望你可以做......"之类的表达方式，在确保自己的想法表达清楚的同时，也耐心地聆听对方的感受。这个过程中，双方要约定好，尽可能表达的是彼此的需求和感受，同时要避免指责。然后两个人一起商量一下，如何共同努力，才能更好地照顾彼此。这种沟通方式可以帮助你们逐渐培养起更积极的交流模式。而如果觉得实在难以开口，或许也可以尝试写信的方式。让他更多地了解你的感受和想法，或许他才能知道你究竟发生了什么。

而在沟通后，如果你依然觉得无法信任对方，就可以尝试去面对你内心的恐惧，用上面我们提到的方法来和它相处。也可以在纸上写一写，哪些时刻，你能够感受到这段关系中的信任和爱，每当你感到无法信任时，就去回想这些可以感受到的时刻，慢慢地去替代心里的恐惧。而这个重建信任的过程一定是需要时间和反复刻意的对自己的提醒的，所以不妨多给自己一些耐心和时间。

同时你提到他的人格是enfj a，你的人格是esfj，在我的理解中，这两个人格中都有很多积极的特质，比如一个愿意维护关系，一个注重他人感受，这些类似的积极品质都可以在感情中帮到你们。或许在你们的沟通中，也可以一起商量看看，彼此人格中的哪些积极面向，可以用来帮助彼此更好的稳固这段关系。

而如果你最终选择的是放弃这段关系，又想和对方做朋友，上述提到的沟通方式也是同样适用的。

希望以上建议能够给你带来帮助，如果还有需要继续讨论的，也可以随时给我留言，祝好。